Current Assets,Current Liabilities,Total Assets,Total Debt,Equity,Net Income,Revenue,Inventory,company,year,current_ratio,quick_ratio,debt_to_assets,debt_to_equity,roa,roe,net_profit_margin,asset_turnover,bankruptcy_label,gdp_growth,inflation_rate,interest_rate
42397228.0,132773786.0,684330348.0,0.0,471586500.0,17229692.0,37938739.0,0.0,AGROT,2020,0.3193192668317826,0.3193192668317826,0.0,0.0,0.025177448362994417,0.03653559209180076,0.45414508900783446,0.055439217493244944,1,-3.558469498626623,1.35508167310332,0.4701830025104157
53446690.0,115480012.0,1041871178.0,0.0,791663046.0,28073007.0,206690394.0,0.0,AGROT,2021,0.46282199901399385,0.46282199901399385,0.0,0.0,0.02694479662436732,0.03546080260010014,0.13582153701830962,0.19838382936820237,1,5.1170670164276055,4.557196672821134,0.1523021263434944
920765562.0,392052797.0,4200370184.0,12637130.0,3071130695.0,332338323.0,877073473.0,0.0,AGROT,2022,2.3485754190397983,2.3485754190397983,0.0030085753032285593,0.004114813485656624,0.079121198475777,0.10821366981908923,0.378917312210171,0.20880861318865127,1,2.218218063316261,7.840449070449116,1.4168213612229994
3088717943.0,732093794.0,9202969163.0,786210.0,7186355317.0,368539143.0,841128293.0,0.0,AGROT,2023,4.2190194320920575,4.2190194320920575,8.543003742323851e-05,0.00010940316270476444,0.04004567835364375,0.05128317857150564,0.4381485512579233,0.0913974911903114,1,2.00096913145912,3.929105202545677,5.064372011858072
2177144936.0,506307849.0,8319127929.0,0.0,6423574785.0,-317664994.0,2121664932.0,0.0,AGROT,2024,4.30004184272482,4.30004184272482,0.0,0.0,-0.03818489109809673,-0.04945299224067491,-0.14972439295612583,0.2550345360844853,1,2.2062422271564963,2.63253951225676,4.416967542817038
7395461000.0,7219612000.0,13184440000.0,1678554000.0,3893239000.0,1683196000.0,33292030000.0,0.0,FROTO,2018,1.0243571261170268,1.0243571261170268,0.1273132571425104,0.4311458916341894,0.12766533883881304,0.43233821504408027,0.05055852707089355,2.525100042170923,0,3.2915790437258483,2.5158472571178216,1.918241220609738
10156798000.0,8645371000.0,16406372000.0,2559936000.0,4664921000.0,1959484000.0,39209019000.0,0.0,FROTO,2019,1.1748250017263573,1.1748250017263573,0.15603303399435292,0.5487629908416456,0.11943432710168951,0.42004655598669305,0.04997533858217672,2.389865291363624,0,2.794420304702581,1.6230235040066576,2.209905776464747
17604522000.0,12480781000.0,24349179000.0,4147993000.0,7043902000.0,4194913000.0,49451407000.0,0.0,FROTO,2020,1.410530478821798,1.410530478821798,0.17035453228217673,0.5888771592790473,0.1722814966369092,0.5955382400266216,0.08482899182221448,2.030927079717965,0,-3.558469498626623,1.35508167310332,0.4701830025104157
32813852000.0,20782144000.0,42792853000.0,10799308000.0,10148538000.0,8801005000.0,71101258000.0,0.0,FROTO,2021,1.5789445015875168,1.5789445015875168,0.252362421360408,1.0641245073920993,0.20566530116606155,0.8672190023824121,0.1237812838698297,1.6615217966420701,0,5.1170670164276055,4.557196672821134,0.1523021263434944
91321074000.0,76202568000.0,174307138000.0,40698555000.0,51141641000.0,27729927000.0,322556451000.0,0.0,FROTO,2022,1.1983989043518848,1.1983989043518848,0.23348759819577786,0.7958007252837273,0.1590865831323557,0.5422181701209001,0.08596922155495815,1.8505062655552293,0,2.218218063316261,7.840449070449116,1.4168213612229994
148595390000.0,135909592000.0,313312578000.0,60337686000.0,105407564000.0,70826085000.0,594705176000.0,0.0,FROTO,2023,1.0933399755920097,1.0933399755920097,0.19257983954924401,0.5724227342925788,0.2260556708323405,0.6719260204134876,0.11909444857429659,1.8981209748942796,0,2.00096913145912,3.929105202545677,5.064372011858072
153968320000.0,123401142000.0,326770164000.0,78899094000.0,115223488000.0,38863566000.0,594995138000.0,0.0,FROTO,2024,1.2477057951376171,1.2477057951376171,0.24145134009235922,0.6847483561684923,0.11893241881165136,0.3372885743573394,0.06531745138394728,1.8208367946346533,0,2.2062422271564963,2.63253951225676,4.416967542817038
31619563.0,14913376.0,35075762.0,38396.0,19812804.0,4539830.0,50373303.0,0.0,MEGAP,2018,2.120214966751995,2.120214966751995,0.0010946590411920346,0.0019379387188204152,0.12942926229229176,0.22913616871190973,0.09012373081828683,1.4361285436935054,1,3.2915790437258483,2.5158472571178216,1.918241220609738
95207011.0,78999869.0,111237481.0,5623315.0,26539483.0,6747123.0,169359897.0,0.0,MEGAP,2019,1.205154036394668,1.205154036394668,0.05055234035729378,0.21188487356743158,0.06065512217055688,0.25422963212960853,0.039838964946937824,1.5225074810890404,1,2.794420304702581,1.6230235040066576,2.209905776464747
188977206.0,134904485.0,218095678.0,23109378.0,59975056.0,20044914.0,360113080.0,0.0,MEGAP,2020,1.4008222632479566,1.4008222632479566,0.10595981640681573,0.38531648890832215,0.09190880894026704,0.3342208467466875,0.05566283235254882,1.6511701804563041,1,-3.558469498626623,1.35508167310332,0.4701830025104157
486438240.0,326053726.0,624758670.0,47820229.0,246743180.0,15967641.0,564709616.0,0.0,MEGAP,2021,1.4918959705432104,1.4918959705432104,0.07654192137901823,0.19380567681749097,0.025558094295834263,0.06471360626867174,0.02827584398704484,0.9038844006758642,1,5.1170670164276055,4.557196672821134,0.1523021263434944
2192346268.0,1867086910.0,2819440963.0,130073106.0,820165951.0,81367898.0,2950343226.0,0.0,MEGAP,2022,1.1742068653890354,1.1742068653890354,0.04613436057252886,0.15859364295897233,0.028859585665316163,0.099209066044245,0.02757912953413102,1.0464284461770446,1,2.218218063316261,7.840449070449116,1.4168213612229994
4193276989.0,3536830276.0,5396647140.0,49976703.0,1803346430.0,356644944.0,5900237885.0,0.0,MEGAP,2023,1.1856031140240104,1.1856031140240104,0.009260694965504081,0.027713312411082325,0.06608639304143943,0.19776840326791786,0.06044585844694294,1.0933154849549789,1,2.00096913145912,3.929105202545677,5.064372011858072
13164737812.0,11931017560.0,14401783277.0,25007609.0,2440916408.0,484938488.0,12170733578.0,0.0,MEGAP,2024,1.1034044452449872,1.1034044452449872,0.0017364244773727267,0.010245172230412571,0.033672113978722246,0.19867066582478396,0.039844639182356444,0.8450851775722079,1,2.2062422271564963,2.63253951225676,4.416967542817038
1315334721.0,2845118009.0,3261931527.0,106879422.0,262989023.0,66598899.0,12060771860.0,0.0,SOKM,2018,0.4623128871418282,0.4623128871418282,0.03276568533561373,0.4064025972673392,0.020417013186432836,0.25323832242230127,0.0055219433526371335,3.697432567228748,0,3.2915790437258483,2.5158472571178216,1.918241220609738
1860432013.0,4290295414.0,5707800914.0,1398517016.0,-26864823.0,-298637678.0,16051963222.0,0.0,SOKM,2019,0.43363727516969536,0.43363727516969536,0.2450185346461087,-52.05755556252874,-0.05232096958173619,11.116309160123631,-0.018604433231612597,2.8122850575653415,0,2.794420304702581,1.6230235040066576,2.209905776464747
3377045204.0,5746230609.0,7761829776.0,1659701808.0,253897878.0,272612688.0,21353835397.0,0.0,SOKM,2020,0.5876974722717746,0.5876974722717746,0.2138286790483203,6.536887275599838,0.03512221935643748,1.0737099898093674,0.01276645075377416,2.751134205883672,0,-3.558469498626623,1.35508167310332,0.4701830025104157
4369754981.0,7065781281.0,9734829839.0,2050915733.0,495889838.0,324323116.0,28411812112.0,0.0,SOKM,2021,0.618439038404761,0.618439038404761,0.2106781286287669,4.135829323044123,0.03331574576688397,0.6540225089266701,0.011415080274412312,2.9185730600216195,0,5.1170670164276055,4.557196672821134,0.1523021263434944
20051823531.0,22710912202.0,46787610957.0,4632415982.0,17850781183.0,6954039535.0,112384820331.0,0.0,SOKM,2022,0.8829158138894204,0.8829158138894204,0.09900945757323251,0.2595077456000431,0.14862993413771622,0.3895649979521683,0.061877035657651104,2.4020209203305316,0,2.218218063316261,7.840449070449116,1.4168213612229994
36698856591.0,35473527226.0,76983520651.0,5920199117.0,28963648117.0,6135447873.0,193155221661.0,0.0,SOKM,2023,1.0345420785814021,1.0345420785814021,0.07690216122797051,0.20440101651163145,0.07969819801843918,0.21183270312550317,0.031764338650746446,2.5090463520973167,0,2.00096913145912,3.929105202545677,5.064372011858072
32763644606.0,37560572467.0,75541444083.0,6619896732.0,28824599619.0,61243347.0,202173763632.0,0.0,SOKM,2024,0.8722882121880733,0.8722882121880733,0.08763264738130357,0.2296613593770938,0.0008107251290127551,0.002124690292649577,0.0003029243058039724,2.676329081157949,0,2.2062422271564963,2.63253951225676,4.416967542817038
23706000000.0,27246000000.0,109076000000.0,43342000000.0,31284000000.0,4045000000.0,62853000000.0,0.0,THYAO,2018,0.8700726712177934,0.8700726712177934,0.3973559719828377,1.3854366449303157,0.03708423484542887,0.12929932233729702,0.06435651440663134,0.5762312516043859,0,3.2915790437258483,2.5158472571178216,1.918241220609738
28339000000.0,35417000000.0,146871000000.0,60976000000.0,40795000000.0,4536000000.0,75118000000.0,0.0,THYAO,2019,0.8001524691532315,0.8001524691532315,0.4151670513579944,1.4946929770805246,0.030884245358171455,0.11119009682559138,0.06038499427567294,0.5114556311320819,0,2.794420304702581,1.6230235040066576,2.209905776464747
30659000000.0,47379000000.0,187402000000.0,89994000000.0,39511000000.0,-5588000000.0,46448000000.0,0.0,THYAO,2020,0.6471010363241099,0.6471010363241099,0.480218994461105,2.2776948191642834,-0.029818251672874354,-0.14142896914783226,-0.12030657940062005,0.2478522107554882,0,-3.558469498626623,1.35508167310332,0.4701830025104157
65797000000.0,90443000000.0,353708000000.0,145647000000.0,90650000000.0,8214000000.0,97378000000.0,0.0,THYAO,2021,0.7274968764857423,0.7274968764857423,0.4117718570119986,1.606696083838941,0.023222545150236917,0.09061224489795919,0.08435170161638153,0.2753061847625725,0,5.1170670164276055,4.557196672821134,0.1523021263434944
135095000000.0,154040000000.0,578571000000.0,192799000000.0,181427000000.0,47432000000.0,311169000000.0,0.0,THYAO,2022,0.8770124642949884,0.8770124642949884,0.33323308634549603,1.062680857865698,0.08198129529478664,0.2614384849002629,0.15243163682757602,0.537823361350638,0,2.218218063316261,7.840449070449116,1.4168213612229994
251895000000.0,266808000000.0,1048943000000.0,310362000000.0,457112000000.0,162998000000.0,504398000000.0,0.0,THYAO,2023,0.94410587388684,0.94410587388684,0.29588071039131775,0.6789627049825864,0.15539261904603013,0.3565821942981151,0.323153541449411,0.4808631164896472,0,2.00096913145912,3.929105202545677,5.064372011858072
341910000000.0,339533000000.0,1399606000000.0,359529000000.0,680012000000.0,113357000000.0,745430000000.0,0.0,THYAO,2024,1.0070007922646693,1.0070007922646693,0.2568787215830741,0.5287097874743387,0.08099207919943184,0.16669852884949088,0.15206927545175267,0.5325998888258553,0,2.2062422271564963,2.63253951225676,4.416967542817038
